filename,state,row_count,column_count,station_count,district_count,tehsil_count,block_count,village_count,date_min,date_max,latitude_min,latitude_max,longitude_min,longitude_max,invalid_coordinates,duplicate_rows
Andaman_Nicobar.csv,Andaman Nicobar,634,46,106,2,5,5,105,2004-05-25,2021-05-30,11.50944444,13.31388889,92.60833333,93.06,0,0
Andhra_Pradesh.csv,Andhra Pradesh,10950,46,1538,14,522,522,1364,2000-05-25,2023-05-25,12.88333333,32.21666667,72.9,91.35833333,118,0
Arunachal_Pradesh.csv,Arunachal Pradesh,104,46,16,6,7,7,15,2005-05-25,2021-05-30,27.00833333,28.15138889,93.69472,96.13333333,0,0
Assam.csv,Assam,1874,46,340,26,96,96,281,2000-05-25,2021-05-30,24.43333333,27.75277778,89.82916667,95.89916667,0,0
Bihar.csv,Bihar,3112,46,752,37,325,325,675,2000-05-25,2021-05-30,24.43361111,27.42916667,83.4,88.23194444,0,0
Chandigarh.csv,Chandigarh,36,46,7,1,1,1,6,2000-05-25,2021-05-30,30.69166667,30.75416667,76.71944444,76.80138889,0,0
Chhatisgarh.csv,Chhatisgarh,10350,46,1255,23,144,145,1101,2000-05-25,2024-03-06,13.32666667,23.81722222,79.61666667,84.28194444,0,0
Dadra_and_nagar_haveli.csv,Dadra and nagar haveli,169,46,23,1,1,2,23,2000-05-25,2020-05-30,20.09027778,20.32777778,72.94083333,73.15944444,0,0
Delhi.csv,Delhi,1169,46,199,9,11,10,169,2000-05-25,2021-05-30,28.40888889,28.85805556,76.84583333,77.34055556,0,0
Goa.csv,Goa,674,46,90,2,11,11,82,2000-05-25,2023-07-04,14.03,15.75222222,73.73666667,74.77,0,0
Gujarat.csv,Gujarat,9807,46,958,28,206,206,856,2000-05-25,2021-05-30,20.19166667,24.65833333,68.53333333,74.3125,0,0
Hariyana.csv,Hariyana,7033,46,828,22,69,111,762,2000-05-25,2024-05-10,27.7,30.9,74.51666667,77.52083333,0,0
Himachal_Pradesh.csv,Himachal Pradesh,1218,46,120,8,21,21,109,2000-05-25,2024-02-21,30.44027778,32.357222,75.69536,77.73055556,0,0
Jammu_and_Kashmir.csv,Jammu and Kashmir,2894,46,292,11,29,28,283,2000-05-25,2021-05-30,32.28083333,34.65027778,74.04722222,75.61333333,0,0
Jharkhand.csv,Jharkhand,1632,46,366,23,154,153,304,2000-05-25,2023-06-23,22.08916667,25.23333333,83.50833333,87.87777778,0,0
Karnataka.csv,Karnataka,13007,46,2007,27,180,177,1875,2000-05-25,2025-05-08,11.63333333,18.38694444,74.12972222,78.52916667,0,0
Madhya_Pradesh.csv,Madhya Pradesh,19230,46,1670,51,297,299,1499,2000-05-25,2022-05-31,21.15166667,26.75,74.15027778,82.62916667,0,0
maharashtra.csv,maharashtra,18249,46,1758,35,270,267,1534,2000-05-25,2024-08-21,15.66666667,21.82666667,72.73333333,80.76111111,0,0
Meghalaya.csv,Meghalaya,235,46,47,8,20,20,35,2005-05-25,2021-05-30,25.175,26.04888889,89.85972222,92.175,0,0
Nagaland.csv,Nagaland,44,46,19,4,7,7,19,2005-05-25,2020-05-30,25.65,26.85833333,93.61666667,94.94166667,0,0
Odisha.csv,Odisha,15400,46,1897,30,298,298,1576,2000-05-25,2021-05-30,17.83055556,22.52222222,81.39861111,87.355,1,0
Panjab.csv,Panjab,5175,46,726,22,73,136,658,2000-05-25,2023-08-16,29.65416667,32.43333333,73.93666667,76.91666667,0,0
Puducherry.csv,Puducherry,83,46,11,3,4,4,10,2000-05-25,2022-05-31,10.93333333,16.73027778,79.75833333,82.21388889,0,0
Rajasthan.csv,Rajasthan,12350,46,1606,34,240,235,1416,2000-05-25,2024-06-30,23.16666667,30.02944444,70.0375,78.1375,1,0
Tamil_Nadu.csv,Tamil Nadu,8419,46,1215,33,201,344,916,2000-05-25,2024-05-30,8.08333333,13.4,76.275,80.29027778,22,0
Telangana.csv,Telangana,5072,46,921,11,363,363,788,2000-05-25,2021-05-30,15.87944444,19.80972222,77.34194444,81.66666667,10,0
Tripura.csv,Tripura,440,46,96,8,15,15,45,2000-05-25,2021-05-30,22.08342,24.4325,91.05003,92.3225,0,0
Uttarakhand.csv,Uttarakhand,903,46,156,8,18,11,78,2000-05-25,2023-04-18,28.83111111,30.684444,77.695556,80.094167,0,0
Uttar_Pradesh.csv,Uttar Pradesh,7329,46,1930,72,752,751,1494,2000-05-25,2023-06-05,23.93333333,30.34666667,77.15833333,84.6,0,0
West_Bengal.csv,West Bengal,7570,46,1507,25,309,307,1179,2000-05-25,2021-05-30,21.59388889,26.90833333,85.89444444,89.82361111,0,0
