State,uranium(mg/l),bicarbonate (mg/l),chloride (mg/l),electric conductivity (μs/cm),potassium (mg/l),sodium (mg/l),manganese (mg/l),silica(mg/l),carbonate (mg/l),potential of hydrogen (ph),phosphate(mg/l),arsenic (mg/l),chromium (mg/l),nickel (mg/l),total dissolved solids (mg/l),nitrate n (mgn/l),lead (mg/l),sulphate (mg/l),zinc (mg/l),copper (mg/l),magnesium (mg/l),total hardness (mgcaco3/l),iron(mg/l),total alkalinity (mg/l as caco3),cadmium (mg/l),fluoride (mg/l),calcium (mg/l)
Andaman Nicobar,0,633,633,634,0,633,0,153,278,634,54,86,0,0,198,0,0,529,0,0,633,585,406,87,0,0,633
Andhra Pradesh,4,9858,10632,10938,0,9686,0,806,5102,10839,48,38,0,0,1924,0,0,8565,0,0,9857,9468,1464,6602,0,0,9791
Arunachal Pradesh,0,103,47,104,0,66,0,6,87,104,8,9,0,0,28,0,0,92,0,0,104,101,84,55,0,0,104
Assam,0,1848,823,1858,0,1054,0,98,1669,1862,54,115,0,0,336,0,0,1621,0,0,1849,1795,1445,851,0,0,1848
Bihar,0,2930,2915,3112,0,2893,0,365,2427,2807,6,0,0,0,614,0,0,945,0,0,2939,2578,0,147,0,0,2937
Chandigarh,0,28,35,36,0,32,0,8,26,32,2,0,0,0,6,0,0,28,0,0,32,30,0,26,0,0,32
Chhatisgarh,2399,9719,9708,10233,0,8902,0,3332,9157,9895,2703,2242,0,0,1742,0,0,8420,0,0,9731,9618,3469,4843,0,0,9714
Dadra and nagar haveli,0,155,149,169,0,149,0,17,129,161,0,0,0,0,36,0,0,149,0,0,149,150,25,38,0,0,149
Delhi,0,1014,1168,1166,0,1095,0,164,474,1099,15,59,0,0,158,0,0,1018,0,0,1094,1071,243,886,0,0,1094
Goa,33,537,611,671,0,550,0,80,422,585,19,59,0,0,92,0,0,397,0,0,515,450,63,341,0,0,515
Gujarat,0,9080,9442,9807,0,9084,0,505,8618,9439,208,497,0,0,2169,0,0,8113,0,0,9079,8779,3671,7606,0,0,9082
Hariyana,366,5912,6222,6508,0,5911,366,2280,5029,5918,942,756,366,366,548,0,366,5474,365,366,5917,5734,1309,3326,366,0,5914
Himachal Pradesh,0,1215,1210,1216,0,1176,0,240,463,1181,19,80,0,0,101,0,0,697,0,0,1169,1160,80,1005,0,0,1214
Jammu and Kashmir,0,2887,2882,2894,0,2802,0,4,2703,2894,1,0,0,0,393,0,0,1604,0,0,2891,2727,1283,643,0,0,2883
Jharkhand,2,1496,1495,1632,0,1497,0,2,1154,1629,33,0,0,0,251,0,0,756,0,0,1496,1321,0,66,0,0,1495
Karnataka,812,6656,12101,12633,0,6435,0,3044,5635,10758,716,1039,0,0,1857,0,0,4930,0,0,6453,5700,865,3292,0,0,6438
Madhya Pradesh,0,18907,18897,19230,0,18919,0,5338,17431,19223,1496,1159,0,0,3836,0,0,16959,0,0,18930,17977,1748,8813,0,0,18921
maharashtra,1174,16795,15971,18244,0,15432,0,1142,15422,17412,70,0,0,0,4723,0,0,15904,0,0,16631,16558,1462,4267,0,0,16001
Meghalaya,0,232,109,233,0,127,0,17,195,234,0,20,0,0,44,0,0,195,0,0,233,225,171,193,0,0,231
Nagaland,0,44,16,44,0,16,0,0,38,44,0,0,0,0,6,0,0,41,0,0,44,43,41,42,0,0,44
Odisha,0,9234,13323,15320,0,9238,0,1037,7688,13798,445,1026,0,0,3303,0,0,7177,0,0,9237,9023,5035,6560,0,0,9233
Panjab,431,4337,4535,4775,0,4333,431,1422,4057,4338,574,666,431,431,297,0,428,4063,431,430,4335,4007,1173,2821,431,0,4324
Puducherry,4,72,81,83,0,72,0,8,53,83,0,1,0,0,12,0,0,62,0,0,71,66,2,55,0,0,71
Rajasthan,1,12345,12342,12349,0,12347,0,587,11463,12348,743,577,0,0,3131,0,0,11269,0,0,12346,11808,9476,9652,0,0,12347
Tamil Nadu,411,7515,8095,8414,0,7359,0,475,6935,8406,132,474,0,0,1062,0,0,6476,0,0,7364,6903,810,4756,0,0,7366
Telangana,0,4508,4978,5070,0,4508,0,455,1843,5069,60,0,0,0,996,0,0,4014,0,0,4508,4267,743,3665,0,0,4508
Tripura,0,433,236,433,0,278,0,22,356,432,24,40,0,0,105,0,0,342,0,0,430,386,286,162,0,0,430
Uttarakhand,0,846,879,903,0,815,0,223,277,851,130,10,0,0,87,0,0,679,0,0,866,797,19,489,0,0,866
Uttar Pradesh,0,6099,6438,7280,0,6093,0,759,4797,6447,18,124,0,0,487,0,0,5916,0,0,6106,6093,144,4729,0,0,6101
West Bengal,0,7146,7123,7568,0,7037,0,1654,2036,7144,150,354,0,0,905,0,0,5415,0,0,7155,6786,2676,989,0,0,7157
