SlNo,Station,Agency,State LGD Code,State,District LGD Code,District,Tehsil,Block,Village,River,Basin,Tributary,Subtributary,SubSubtributary,Local River,Latitude,Longitude,Data Acquisition Time,Potential of Hydrogen (pH),Electric Conductivity (μS/cm),Total Dissolved Solids (mg/L),Carbonate (mg/L),Bicarbonate (mg/L),Total Alkalinity (mg/L as CaCO3),Chloride (mg/L),Nitrate N (mgN/L),Sulphate (mg/L),Phosphate(mg/L),Silica(mg/L),Fluoride (mg/L),Total Hardness (mgCaCO3/L),Calcium (mg/L),Magnesium (mg/L),Sodium (mg/L),Potassium (mg/L),Iron(mg/L),Arsenic (mg/L),Uranium(mg/L),Manganese (mg/L),Copper (mg/L),Lead (mg/L),Zinc (mg/L),Nickel (mg/L),Cadmium (mg/L),Chromium (mg/L)
1,Bandurlanka-DW13,CGWB,34,Puducherry,9999,Yanam,Yanam Taluk,Yanam,Yanam,-,-,-,-,-,-,16.73027778,82.21388889,25-05-2017 00:00,7.3,385,"","",214,175.41,18,"",10,"","","",160,44,12.21,22,"","","","","","","","","","",""
2,Bandurlanka-DW13,CGWB,34,Puducherry,9999,Yanam,Yanam Taluk,Yanam,Yanam,-,-,-,-,-,-,16.73027778,82.21388889,25-05-2018 00:00,7.79,1300,0,0,531,435.25,142,"",1.5,"",0,"",590,108,77.93,23,"",0,"","","","","","","","",""
3,Kattukuppam,CGWB,34,Puducherry,600,Puducherry,Puducherry,Pondicherry,Kattukuppam,-,-,-,-,-,-,11.80000000,79.78333333,25-05-2000 00:00,7.9,745,"",0,250,204.9,64,"",67,"","","",205,68,8.59,74,"","","","","","","","","","",""
4,Kattukuppam,CGWB,34,Puducherry,600,Puducherry,Puducherry,Pondicherry,Kattukuppam,-,-,-,-,-,-,11.80000000,79.78333333,25-05-2002 00:00,7.46,595,"",0,305,250,53,"",3,"","","","","","",44,"","","","","","","","","","",""
5,Kattukuppam,CGWB,34,Puducherry,600,Puducherry,Puducherry,Pondicherry,Kattukuppam,-,-,-,-,-,-,11.80000000,79.78333333,25-05-2003 00:00,7.12,569,"","","","","","","","","","","","","","","","","","","","","","","","",""
6,Kattukuppam,CGWB,34,Puducherry,600,Puducherry,Puducherry,Pondicherry,Kattukuppam,-,-,-,-,-,-,11.80000000,79.78333333,25-05-2005 00:00,7.39,792,"",0,378,309.8,78,"",5,"","","",295,36,49.89,51,"","","","","","","","","","",""
7,Kattukuppam,CGWB,34,Puducherry,600,Puducherry,Puducherry,Pondicherry,Kattukuppam,-,-,-,-,-,-,11.80000000,79.78333333,25-05-2006 00:00,7.65,540,"",0,214,175.4,39,"",24,"","","",175,44,15.86,40,"","","","","","","","","","",""
8,Kattukuppam,CGWB,34,Puducherry,600,Puducherry,Puducherry,Pondicherry,Kattukuppam,-,-,-,-,-,-,11.80000000,79.78333333,25-05-2007 00:00,7.55,873,"",0,311,254.9,134,"",20,"","","",220,64,14.67,96,"","","","","","","","","","",""
9,Kattukuppam,CGWB,34,Puducherry,600,Puducherry,Puducherry,Pondicherry,Kattukuppam,-,-,-,-,-,-,11.80000000,79.78333333,25-05-2009 00:00,7.35,540,"","",195,159.8,71,"",5,"","","",125,18,19.47,64,"","","","","","","","","","",""
10,Kattukuppam,CGWB,34,Puducherry,600,Puducherry,Puducherry,Pondicherry,Kattukuppam,-,-,-,-,-,-,11.80000000,79.78333333,25-05-2010 00:00,8.2,1320,"","",354,290.2,178,"",96,"","","",260,44,36.52,184,"","","","","","","","","","",""
11,Kattukuppam,CGWB,34,Puducherry,600,Puducherry,Puducherry,Pondicherry,Kattukuppam,-,-,-,-,-,-,11.80000000,79.78333333,25-05-2011 00:00,8.06,500,"","",277,227.1,31,"",76,"","","",268,79,17.24,52,"","","","","","","","","","",""
12,Kattukuppam,CGWB,34,Puducherry,600,Puducherry,Puducherry,Pondicherry,Kattukuppam,-,-,-,-,-,-,11.80000000,79.78333333,25-05-2012 00:00,7.74,510,"","","","",195,"","","","","","","","","","","","","","","","","","","",""
13,Kattukuppam,CGWB,34,Puducherry,600,Puducherry,Puducherry,Pondicherry,Kattukuppam,-,-,-,-,-,-,11.80000000,79.78333333,25-05-2013 00:00,7.32,650,"","","","",36,"","","","","","","","","","","","","","","","","","","",""
14,Kattukuppam,CGWB,34,Puducherry,600,Puducherry,Puducherry,Pondicherry,Kattukuppam,-,-,-,-,-,-,11.80000000,79.78333333,25-05-2015 00:00,7.76,640,"",0,76,62.3,142,"",46,"","","",130,36,10,87,"","","","","","","","","","",""
15,Kattukuppam,CGWB,34,Puducherry,600,Puducherry,Puducherry,Pondicherry,Kattukuppam,-,-,-,-,-,-,11.80000000,79.78333333,25-05-2017 00:00,7.25,506,"",0,183,183,53,"",22,"","","",150,40,12.152,46,"","","","","","","","","","",""
16,Kattukuppam,CGWB,34,Puducherry,600,Puducherry,Puducherry,Pondicherry,Kattukuppam,-,-,-,-,-,-,11.80000000,79.78333333,25-05-2018 00:00,7.1,570,0,0,207.468,207.468,63.81,"",4.7,"",0,"",230,76,9.7216,18,"","","","","","","","","","",""
17,Kattukuppam,CGWB,34,Puducherry,600,Puducherry,Puducherry,Pondicherry,Kattukuppam,-,-,-,-,-,-,11.80000000,79.78333333,30-05-2019 08:00,6.6,370,"",0,103.734,"",42.54,"","","","","",150,32,17.0128,15.9,"","","","","","","","","","",""
18,Kattukuppam,CGWB,34,Puducherry,600,Puducherry,Puducherry,Pondicherry,Kattukuppam,-,-,-,-,-,-,11.80000000,79.78333333,30-05-2020 08:00,6.6,370,"","",103.734,"",42.54,"","","","","","",32,17.0128,15.9,"","","","","","","","","","",""
19,Kattukuppam,CGWB,34,Puducherry,600,Puducherry,Puducherry,Pondicherry,Kattukuppam,-,-,-,-,-,-,11.80000000,79.78333333,15-06-2021 16:10,8.29,524,"",0,262,"",26,"",7.9,"","","",180,53,12,25,"","","","","","","","","","",""
20,Kattukuppam,CGWB,34,Puducherry,600,Puducherry,Puducherry,Pondicherry,Kattukuppam,-,-,-,-,-,-,11.80000000,79.78333333,25-05-2022 13:59,7.7,900,567,0,336,"",71,"",48,"","","",250,80,12.2,92,"","","",0,"","","","","","",""
21,Kilakasakudi,CGWB,34,Puducherry,598,Karaikal,Karaikal,Karaikal,Kilakasakudi,-,-,-,-,-,-,10.93333333,79.84166667,25-05-2000 00:00,7.5,1860,"",0,549,450,312,"",70,"","","",315,114,7.43,220,"","","","","","","","","","",""
22,Kilakasakudi,CGWB,34,Puducherry,598,Karaikal,Karaikal,Karaikal,Kilakasakudi,-,-,-,-,-,-,10.93333333,79.84166667,25-05-2001 00:00,6.96,475,"",0,209,171.3,78,"",96,"","","",265,50,34.1,30,"","","","","","","","","","",""
23,Kilakasakudi,CGWB,34,Puducherry,598,Karaikal,Karaikal,Karaikal,Kilakasakudi,-,-,-,-,-,-,10.93333333,79.84166667,25-05-2002 00:00,7.54,1993,"","",567,464.8,273,"",82,"","","",320,98,18.35,258,"","","","","","","","","","",""
24,Kilakasakudi,CGWB,34,Puducherry,598,Karaikal,Karaikal,Karaikal,Kilakasakudi,-,-,-,-,-,-,10.93333333,79.84166667,25-05-2005 00:00,7.75,1934,"",0,561,459.8,284,"",125,"","","",290,68,29.26,322,"","","","","","","","","","",""
25,Kilakasakudi,CGWB,34,Puducherry,598,Karaikal,Karaikal,Karaikal,Kilakasakudi,-,-,-,-,-,-,10.93333333,79.84166667,25-05-2006 00:00,8.04,1900,"",0,622,509.8,290,"",54,"","","",390,56,60.85,230,"","","","","","","","","","",""
26,Kilakasakudi,CGWB,34,Puducherry,598,Karaikal,Karaikal,Karaikal,Kilakasakudi,-,-,-,-,-,-,10.93333333,79.84166667,25-05-2012 00:00,7.22,1510,"","","","",266,"","","","","","","","","","","","","","","","","","","",""
27,Kilakasakudi,CGWB,34,Puducherry,598,Karaikal,Karaikal,Karaikal,Kilakasakudi,-,-,-,-,-,-,10.93333333,79.84166667,25-05-2018 00:00,7,1040,0,0,286.794,286.794,191.43,"",5.5,"",0,"",280,52,36.456,95,"","","","","","","","","","",""
28,Kottucherry,CGWB,34,Puducherry,598,Karaikal,Karaikal,Karaikal,Kottucherry,-,-,-,-,-,-,10.95833333,79.81666667,25-05-2000 00:00,7,540,"",0,214,175.4,60,"",8,"","","",140,44,7.35,59,"","","","","","","","","","",""
29,Kottucherry,CGWB,34,Puducherry,598,Karaikal,Karaikal,Karaikal,Kottucherry,-,-,-,-,-,-,10.95833333,79.81666667,25-05-2001 00:00,6.9,1000,"",0,201,164.8,188,"",50,"","","",315,78,29.27,96,"","","","","","","","","","",""
30,Kottucherry,CGWB,34,Puducherry,598,Karaikal,Karaikal,Karaikal,Kottucherry,-,-,-,-,-,-,10.95833333,79.81666667,25-05-2006 00:00,7.74,989,"",0,244,200,173,"",38,"","","",350,46,57.19,135,"","","","","","","","","","",""
31,Kottucherry,CGWB,34,Puducherry,598,Karaikal,Karaikal,Karaikal,Kottucherry,-,-,-,-,-,-,10.95833333,79.81666667,25-05-2012 00:00,7.55,350,"","","","",36,"","","","","","","","","","","","","","","","","","","",""
32,Kottucherry,CGWB,34,Puducherry,598,Karaikal,Karaikal,Karaikal,Kottucherry,-,-,-,-,-,-,10.95833333,79.81666667,25-05-2013 00:00,7.08,783,"","","","",107,"","","","","","","","","","","","","","","","","","","",""
33,Kottucherry,CGWB,34,Puducherry,598,Karaikal,Karaikal,Karaikal,Kottucherry,-,-,-,-,-,-,10.95833333,79.81666667,25-05-2018 00:00,7.5,630,396.9,"",207.468,0,77.99,"",40,"",0,"",250,48,31.5952,35,"",0,0,"","","","","","","",""
34,Kottucherry,CGWB,34,Puducherry,598,Karaikal,Karaikal,Karaikal,Kottucherry,-,-,-,-,-,-,10.95833333,79.81666667,30-05-2019 08:00,7.9,1098,"",0,292.848,"",184.6,"","","","","",460,84,60.81,43.5,"","","","","","","","","","",""
35,Kottucherry,CGWB,34,Puducherry,598,Karaikal,Karaikal,Karaikal,Kottucherry,-,-,-,-,-,-,10.95833333,79.81666667,30-05-2020 08:00,7.9,1098,"","",292.848,"",184.6,"","","","","","",84,60.81,43.5,"","","","","","","","","","",""
36,Mangalam iii,CGWB,34,Puducherry,600,Puducherry,Puducherry,Pondicherry,Mangalam iii,-,-,-,-,-,-,11.89166667,79.76666667,27-05-2022 14:05,7.6,2640,1663,0,427,"",532,"",144,"","","",450,64,70.5,391,"","","",0,"","","","","","",""
37,M.N.Kuppam,CGWB,34,Puducherry,600,Puducherry,-,-,-,-,-,-,-,-,-,11.90000000,79.81667000,30-05-2019 08:00,7.3,900,"",0,280.692,"",106.35,"","","","","",220,48,24.304,97.4,"","","","","","","","","","",""
38,M.N.Kuppam,CGWB,34,Puducherry,600,Puducherry,-,-,-,-,-,-,-,-,-,11.90000000,79.81667000,30-05-2020 08:00,7.3,900,"","",280.692,"",106.35,"","","","","","",48,24.304,97.4,"","","","","","","","","","",""
39,Nedungadu,CGWB,34,Puducherry,598,Karaikal,Karaikal,Karaikal,Nedungadu,-,-,-,-,-,-,10.97500000,79.77500000,25-05-2000 00:00,7.39,2290,"",0,659,540.2,539,"",70,"","","",560,152,43.95,310,"","","","","","","","","","",""
40,Nedungadu,CGWB,34,Puducherry,598,Karaikal,Karaikal,Karaikal,Nedungadu,-,-,-,-,-,-,10.97500000,79.77500000,25-05-2001 00:00,7.99,1860,"",0,477,391,355,"",168,"","","",135,30,14.62,420,"","","","","","","","","","",""
41,Nedungadu,CGWB,34,Puducherry,598,Karaikal,Karaikal,Karaikal,Nedungadu,-,-,-,-,-,-,10.97500000,79.77500000,25-05-2012 00:00,8.36,940,"","","","",142,"","","","","","","","","","","","","","","","","","","",""
42,Nedungadu,CGWB,34,Puducherry,598,Karaikal,Karaikal,Karaikal,Nedungadu,-,-,-,-,-,-,10.97500000,79.77500000,25-05-2014 00:00,8.2,700,"",0,183,150,50,"",125,"","","",225,50,24.37,52,"","","","","","","","","","",""
43,Pondicherry,CGWB,34,Puducherry,600,Puducherry,Puducherry,-,-,-,-,-,-,-,-,11.91194444,79.82333333,25-05-2000 00:00,7.9,965,"",0,275,225.4,128,"",62,"","","",255,74,17.11,0.104,"","","","","","","","","","",""
44,Pondicherry,CGWB,34,Puducherry,600,Puducherry,Puducherry,-,-,-,-,-,-,-,-,11.91194444,79.82333333,25-05-2001 00:00,7.55,680,"",0,244,200,107,"",22,"","","",185,42,19.5,84,"","","","","","","","","","",""
45,Pondicherry,CGWB,34,Puducherry,600,Puducherry,Puducherry,-,-,-,-,-,-,-,-,11.91194444,79.82333333,25-05-2005 00:00,7.62,1076,"",0,268,219.7,234,"",17,"","","",230,16,46.21,128,"","","","","","","","","","",""
46,Pondicherry,CGWB,34,Puducherry,600,Puducherry,Puducherry,-,-,-,-,-,-,-,-,11.91194444,79.82333333,25-05-2006 00:00,8.05,1210,"",0,293,240.2,255,"",30,"","","",280,62,30.47,152,"","","","","","","","","","",""
47,Pondicherry,CGWB,34,Puducherry,600,Puducherry,Puducherry,-,-,-,-,-,-,-,-,11.91194444,79.82333333,25-05-2007 00:00,7.82,1336,"",0,146,119.7,276,"",35,"","","",270,56,31.68,155,"","","","","","","","","","",""
48,Pondicherry,CGWB,34,Puducherry,600,Puducherry,Puducherry,-,-,-,-,-,-,-,-,11.91194444,79.82333333,25-05-2009 00:00,7.29,850,"","",232,190.2,121,"",60,"","","",170,50,11,112,"","","","","","","","","","",""
49,Pondicherry,CGWB,34,Puducherry,600,Puducherry,Puducherry,-,-,-,-,-,-,-,-,11.91194444,79.82333333,25-05-2010 00:00,8.27,1410,"","",354,290.2,195,"",144,"","","",220,70,11.03,276,"","","","","","","","","","",""
50,Pondicherry,CGWB,34,Puducherry,600,Puducherry,Puducherry,-,-,-,-,-,-,-,-,11.91194444,79.82333333,25-05-2012 00:00,7.9,320,"","","","",53,"","","","","","","","","","","","","","","","","","","",""
51,Pondicherry,CGWB,34,Puducherry,600,Puducherry,Puducherry,-,-,-,-,-,-,-,-,11.91194444,79.82333333,25-05-2017 00:00,7,3840,"",0,427,427,574,"",720,"","","",860,160,111.7984,483,"","","","","","","","","","",""
52,Pondicherry,CGWB,34,Puducherry,600,Puducherry,Puducherry,-,-,-,-,-,-,-,-,11.91194444,79.82333333,25-05-2018 00:00,6.9,4610,0,0,219.672,219.672,1226.57,"",384,"",0,"",810,172,92.3552,690,"","","","","","","","","","",""
53,Pondicherry,CGWB,34,Puducherry,600,Puducherry,Puducherry,-,-,-,-,-,-,-,-,11.91194444,79.82333333,30-05-2019 08:00,7,2420,"",0,421.038,"",538.84,"","","","","",710,136,89.9248,226.8,"","","","","","","","","","",""
54,Pondicherry,CGWB,34,Puducherry,600,Puducherry,Puducherry,-,-,-,-,-,-,-,-,11.91194444,79.82333333,30-05-2020 08:00,7,2420,"","",421.038,"",538.84,"","","","","","",136,89.9248,226.8,"","","","","","","","","","",""
55,Reddichavadi,CGWB,34,Puducherry,600,Puducherry,Puducherry,Pondicherry,Reddichavadi,-,-,-,-,-,-,11.88333333,79.76666667,25-05-2000 00:00,7.79,1757,"",0,403,330.3,245,"",202,"","","",405,78,51.15,219,"","","","","","","","","","",""
56,Reddichavadi,CGWB,34,Puducherry,600,Puducherry,Puducherry,Pondicherry,Reddichavadi,-,-,-,-,-,-,11.88333333,79.76666667,25-05-2001 00:00,7.64,1043,"",0,439,359.8,110,"",63,"","","",335,90,26.85,110,"","","","","","","","","","",""
57,Reddichavadi,CGWB,34,Puducherry,600,Puducherry,Puducherry,Pondicherry,Reddichavadi,-,-,-,-,-,-,11.88333333,79.76666667,25-05-2002 00:00,7.5,987,"",0,433,354.9,96,"",31,"","","",340,86,30.5,80,"","","","","","","","","","",""
58,Reddichavadi,CGWB,34,Puducherry,600,Puducherry,Puducherry,Pondicherry,Reddichavadi,-,-,-,-,-,-,11.88333333,79.76666667,25-05-2003 00:00,7,1433,"","","","","","","","","","","","","","","","","","","","","","","","",""
59,Reddichavadi,CGWB,34,Puducherry,600,Puducherry,Puducherry,Pondicherry,Reddichavadi,-,-,-,-,-,-,11.88333333,79.76666667,25-05-2005 00:00,7.18,796,"",0,177,145.1,185,"",28,"","","",215,12,44.99,74,"","","","","","","","","","",""
60,Reddichavadi,CGWB,34,Puducherry,600,Puducherry,Puducherry,Pondicherry,Reddichavadi,-,-,-,-,-,-,11.88333333,79.76666667,25-05-2006 00:00,7.53,960,"",0,146,119.7,216,"",40,"","","",250,46,32.88,103,"","","","","","","","","","",""
61,Reddichavadi,CGWB,34,Puducherry,600,Puducherry,Puducherry,Pondicherry,Reddichavadi,-,-,-,-,-,-,11.88333333,79.76666667,25-05-2007 00:00,7.76,482,"",0,183,150,56,"",30,"","","",165,40,15.85,41,"","","","","","","","","","",""
62,Reddichavadi,CGWB,34,Puducherry,600,Puducherry,Puducherry,Pondicherry,Reddichavadi,-,-,-,-,-,-,11.88333333,79.76666667,25-05-2009 00:00,8.01,445,"","",134,109.8,67,"",4,"","","",120,40,4.91,38,"","","","","","","","","","",""
63,Reddichavadi,CGWB,34,Puducherry,600,Puducherry,Puducherry,Pondicherry,Reddichavadi,-,-,-,-,-,-,11.88333333,79.76666667,25-05-2010 00:00,7.79,460,"","",153,125.4,78,"",10,"","","",130,44,4.92,46,"","","","","","","","","","",""
64,Reddichavadi,CGWB,34,Puducherry,600,Puducherry,Puducherry,Pondicherry,Reddichavadi,-,-,-,-,-,-,11.88333333,79.76666667,25-05-2011 00:00,7.25,1470,"","",388,318,255,"",18,"","","",450,93,52.99,122,"","","","","","","","","","",""
65,Reddichavadi,CGWB,34,Puducherry,600,Puducherry,Puducherry,Pondicherry,Reddichavadi,-,-,-,-,-,-,11.88333333,79.76666667,25-05-2012 00:00,7.84,1030,"","","","",170,"","","","","","","","","","","","","","","","","","","",""
66,Reddichavadi,CGWB,34,Puducherry,600,Puducherry,Puducherry,Pondicherry,Reddichavadi,-,-,-,-,-,-,11.88333333,79.76666667,25-05-2013 00:00,7.51,1710,"","","","",284,"","","","","","","","","","","","","","","","","","","",""
67,Reddichavadi,CGWB,34,Puducherry,600,Puducherry,Puducherry,Pondicherry,Reddichavadi,-,-,-,-,-,-,11.88333333,79.76666667,25-05-2015 00:00,8.06,1480,"",0,380,311.48,213,"",94,"","","",165,54,7,265,"","","","","","","","","","",""
68,Reddichavadi,CGWB,34,Puducherry,600,Puducherry,Puducherry,Pondicherry,Reddichavadi,-,-,-,-,-,-,11.88333333,79.76666667,25-05-2017 00:00,7.45,2260,"",0,421,421,376,"",288,"","","",280,68,26.7344,414,"","","","","","","","","","",""
69,Reddichavadi,CGWB,34,Puducherry,600,Puducherry,Puducherry,Pondicherry,Reddichavadi,-,-,-,-,-,-,11.88333333,79.76666667,25-05-2018 00:00,7.5,1620,0,0,433.242,433.242,290.69,"",48,"",0,"",420,116,31.5952,172.5,"","","","","","","","","","",""
70,Reddichavadi,CGWB,34,Puducherry,600,Puducherry,Puducherry,Pondicherry,Reddichavadi,-,-,-,-,-,-,11.88333333,79.76666667,30-05-2019 08:00,7,1891,"",0,396.63,"",304.87,"","","","","",440,120,34.0256,217.2,"","","","","","","","","","",""
71,Reddichavadi,CGWB,34,Puducherry,600,Puducherry,Puducherry,Pondicherry,Reddichavadi,-,-,-,-,-,-,11.88333333,79.76666667,30-05-2020 08:00,7,1891,"","",396.63,"",304.87,"","","","","","",120,34.0256,217.2,"","","","","","","","","","",""
72,Reddichavadi,CGWB,34,Puducherry,600,Puducherry,Puducherry,Pondicherry,Reddichavadi,-,-,-,-,-,-,11.88333333,79.76666667,15-06-2021 16:12,8.55,3170,"",0,342,"",597,"",201,"","","",540,124,56,418,"","","","","","","","","","",""
73,Reddichavadi,CGWB,34,Puducherry,600,Puducherry,Puducherry,Pondicherry,Reddichavadi,-,-,-,-,-,-,11.88333333,79.76666667,31-05-2022 14:22,7.6,1195,753,0,183,"",110,"",240,"","","",300,80,24.3,131,"","","",0,"","","","","","",""
74,Tirunallar,CGWB,34,Puducherry,598,Karaikal,Karaikal,Karaikal,Tirunallar,-,-,-,-,-,-,10.97500000,79.77500000,25-05-2014 00:00,8,2300,"",0,488,400,514,"",72,"","","",455,88,57.24,345,"","","","","","","","","","",""
75,Tirunallar,CGWB,34,Puducherry,598,Karaikal,Karaikal,Karaikal,Tirunallar,-,-,-,-,-,-,10.97500000,79.77500000,25-05-2018 00:00,7.8,1728,0,0,402.732,402.732,347.41,"",29,"",0,"",200,20,36.456,291,"","","","","","","","","","",""
76,Villanur,CGWB,34,Puducherry,600,Puducherry,Puducherry,Pondicherry,Villanur,-,-,-,-,-,-,11.91666667,79.75833333,25-05-2002 00:00,7.21,1410,"",0,537,440.2,163,"",59,"","","",380,100,31.73,175,"","","","","","","","","","",""
77,Villanur,CGWB,34,Puducherry,600,Puducherry,Puducherry,Pondicherry,Villanur,-,-,-,-,-,-,11.91666667,79.75833333,25-05-2006 00:00,7.98,1335,"",0,488,400,156,"",100,"","","",285,66,29.26,180,"","","","","","","","","","",""
78,Villanur,CGWB,34,Puducherry,600,Puducherry,Puducherry,Pondicherry,Villanur,-,-,-,-,-,-,11.91666667,79.75833333,25-05-2009 00:00,7.48,1360,"","",427,350,156,"",64,"","","",300,98,13.49,160,"","","","","","","","","","",""
79,Villanur,CGWB,34,Puducherry,600,Puducherry,Puducherry,Pondicherry,Villanur,-,-,-,-,-,-,11.91666667,79.75833333,25-05-2010 00:00,8.2,1140,"","",397,325.4,124,"",48,"","","",290,94,13.49,115,"","","","","","","","","","",""
80,Villanur,CGWB,34,Puducherry,600,Puducherry,Puducherry,Pondicherry,Villanur,-,-,-,-,-,-,11.91666667,79.75833333,25-05-2011 00:00,7.53,750,"","",347,284.4,94,"",32,"","","",247,77,13.34,121,"","","","","","","","","","",""
81,Villanur,CGWB,34,Puducherry,600,Puducherry,Puducherry,Pondicherry,Villanur,-,-,-,-,-,-,11.91666667,79.75833333,25-05-2018 00:00,7.5,910,0,0,305.1,305.1,88.625,"",65,"",0,"",270,52,34.0256,73.6,"","","","","","","","","","",""
82,Villanur,CGWB,34,Puducherry,600,Puducherry,Puducherry,Pondicherry,Villanur,-,-,-,-,-,-,11.91666667,79.75833333,15-06-2021 16:14,8.28,737,"",0,244,"",75,"",29,"","","",140,34,13,106,"","","","","","","","","","",""
83,Villanur,CGWB,34,Puducherry,600,Puducherry,Puducherry,Pondicherry,Villanur,-,-,-,-,-,-,11.91666667,79.75833333,31-05-2022 14:25,7.7,1667,1050,0,598,"",85,"",192,"","","",400,84,46.2,193,"","","",0,"","","","","","",""
